category,flow_id,src_ip,dst_ip,time_s,rtt_ms,method
HTTPS / Remote (Port 443),10.100.110.176:57181->104.18.26.48:443,10.100.110.176,104.18.26.48,1775128568.5163,14.7469,DATA-ACK
HTTPS / Remote (Port 443),104.18.26.48:443->10.100.110.176:57181,104.18.26.48,10.100.110.176,1775128568.525408,0.1411,DATA-ACK
HTTPS / Remote (Port 443),17.248.153.80:443->10.100.110.176:57203,17.248.153.80,10.100.110.176,1775128572.994911,11.5759,SYN-SYNACK
HTTPS / Remote (Port 443),10.100.110.176:57203->17.248.153.80:443,10.100.110.176,17.248.153.80,1775128573.008847,13.4799,DATA-ACK
HTTPS / Remote (Port 443),17.248.153.80:443->10.100.110.176:57203,17.248.153.80,10.100.110.176,1775128573.010478,1.153,DATA-ACK
HTTPS / Remote (Port 443),10.100.110.176:57203->17.248.153.80:443,10.100.110.176,17.248.153.80,1775128573.01771,7.2141,DATA-ACK
HTTPS / Remote (Port 443),17.248.153.80:443->10.100.110.176:57203,17.248.153.80,10.100.110.176,1775128573.017914,0.2019,DATA-ACK
HTTPS / Remote (Port 443),17.248.153.80:443->10.100.110.176:57203,17.248.153.80,10.100.110.176,1775128573.020433,0.766,DATA-ACK
HTTPS / Remote (Port 443),10.100.110.176:57203->17.248.153.80:443,10.100.110.176,17.248.153.80,1775128573.065712,47.7679,DATA-ACK
HTTPS / Remote (Port 443),10.100.110.176:57203->17.248.153.80:443,10.100.110.176,17.248.153.80,1775128573.07253,6.7341,DATA-ACK
HTTPS / Remote (Port 443),17.248.153.80:443->10.100.110.176:57203,17.248.153.80,10.100.110.176,1775128573.07379,0.1662,DATA-ACK
HTTPS / Remote (Port 443),17.248.153.80:443->10.100.110.176:57203,17.248.153.80,10.100.110.176,1775128573.075081,0.4702,DATA-ACK
HTTPS / Remote (Port 443),10.100.110.176:57203->17.248.153.80:443,10.100.110.176,17.248.153.80,1775128573.120766,46.9339,DATA-ACK
HTTPS / Remote (Port 443),10.100.110.176:57203->17.248.153.80:443,10.100.110.176,17.248.153.80,1775128573.127204,6.35,DATA-ACK
HTTPS / Remote (Port 443),17.248.153.80:443->10.100.110.176:57203,17.248.153.80,10.100.110.176,1775128573.134755,0.18,DATA-ACK
HTTPS / Remote (Port 443),17.248.239.66:443->10.100.110.176:57204,17.248.239.66,10.100.110.176,1775128573.15169,11.869,SYN-SYNACK
HTTPS / Remote (Port 443),10.100.110.176:57204->17.248.239.66:443,10.100.110.176,17.248.239.66,1775128573.160242,8.0271,DATA-ACK
HTTPS / Remote (Port 443),17.248.239.66:443->10.100.110.176:57204,17.248.239.66,10.100.110.176,1775128573.165052,0.2849,DATA-ACK
HTTPS / Remote (Port 443),17.248.239.66:443->10.100.110.176:57204,17.248.239.66,10.100.110.176,1775128573.165419,0.0381,DATA-ACK
HTTPS / Remote (Port 443),17.248.239.66:443->10.100.110.176:57204,17.248.239.66,10.100.110.176,1775128573.166815,0.216,DATA-ACK
HTTPS / Remote (Port 443),17.248.153.80:443->10.100.110.176:57203,17.248.153.80,10.100.110.176,1775128573.176826,0.1161,DATA-ACK
HTTPS / Remote (Port 443),10.100.110.176:57204->17.248.239.66:443,10.100.110.176,17.248.239.66,1775128573.181094,8.549,DATA-ACK
HTTPS / Remote (Port 443),17.248.239.66:443->10.100.110.176:57204,17.248.239.66,10.100.110.176,1775128573.181324,0.2291,DATA-ACK
HTTPS / Remote (Port 443),10.100.110.176:57204->17.248.239.66:443,10.100.110.176,17.248.239.66,1775128573.181828,8.3339,DATA-ACK
HTTPS / Remote (Port 443),10.100.110.176:57204->17.248.239.66:443,10.100.110.176,17.248.239.66,1775128573.181829,8.333,DATA-ACK
HTTPS / Remote (Port 443),17.248.239.66:443->10.100.110.176:57204,17.248.239.66,10.100.110.176,1775128573.181934,0.1051,DATA-ACK
HTTPS / Remote (Port 443),10.100.110.176:57204->17.248.239.66:443,10.100.110.176,17.248.239.66,1775128573.184648,11.1511,DATA-ACK
HTTPS / Remote (Port 443),31.13.66.51:443->10.100.110.176:56877,31.13.66.51,10.100.110.176,1775128573.189668,0.0989,DATA-ACK
HTTPS / Remote (Port 443),10.100.110.176:57204->17.248.239.66:443,10.100.110.176,17.248.239.66,1775128573.192184,10.8111,DATA-ACK
HTTPS / Remote (Port 443),17.248.239.66:443->10.100.110.176:57204,17.248.239.66,10.100.110.176,1775128573.548399,0.134,DATA-ACK
HTTPS / Remote (Port 443),17.248.239.66:443->10.100.110.176:57204,17.248.239.66,10.100.110.176,1775128573.549323,0.052,DATA-ACK
HTTPS / Remote (Port 443),17.248.239.66:443->10.100.110.176:57204,17.248.239.66,10.100.110.176,1775128573.551713,0.1049,DATA-ACK
HTTPS / Remote (Port 443),17.248.239.66:443->10.100.110.176:57204,17.248.239.66,10.100.110.176,1775128573.562808,9.3331,DATA-ACK
HTTPS / Remote (Port 443),10.100.110.176:56877->31.13.66.51:443,10.100.110.176,31.13.66.51,1775128573.590318,297.3089,DATA-ACK
HTTPS / Remote (Port 443),17.248.153.80:443->10.100.110.176:57205,17.248.153.80,10.100.110.176,1775128573.856872,26.7861,SYN-SYNACK
HTTPS / Remote (Port 443),10.100.110.176:57205->17.248.153.80:443,10.100.110.176,17.248.153.80,1775128573.878651,21.1818,DATA-ACK
HTTPS / Remote (Port 443),17.248.153.80:443->10.100.110.176:57205,17.248.153.80,10.100.110.176,1775128573.879934,1.282,DATA-ACK
HTTPS / Remote (Port 443),10.100.110.176:57205->17.248.153.80:443,10.100.110.176,17.248.153.80,1775128573.899758,19.8061,DATA-ACK
HTTPS / Remote (Port 443),17.248.153.80:443->10.100.110.176:57205,17.248.153.80,10.100.110.176,1775128573.900504,0.1912,DATA-ACK
HTTPS / Remote (Port 443),17.248.153.80:443->10.100.110.176:57205,17.248.153.80,10.100.110.176,1775128573.901558,0.4389,DATA-ACK
HTTPS / Remote (Port 443),17.248.153.80:443->10.100.110.176:57205,17.248.153.80,10.100.110.176,1775128573.908172,5.306,DATA-ACK
HTTPS / Remote (Port 443),10.100.110.176:57205->17.248.153.80:443,10.100.110.176,17.248.153.80,1775128573.948144,47.6089,DATA-ACK
HTTPS / Remote (Port 443),10.100.110.176:57205->17.248.153.80:443,10.100.110.176,17.248.153.80,1775128573.957391,9.177,DATA-ACK
HTTPS / Remote (Port 443),17.248.153.80:443->10.100.110.176:57205,17.248.153.80,10.100.110.176,1775128574.019614,0.3071,DATA-ACK
HTTPS / Remote (Port 443),10.100.110.176:57205->17.248.153.80:443,10.100.110.176,17.248.153.80,1775128574.031788,12.0971,DATA-ACK
HTTPS / Remote (Port 443),17.8.135.181:443->10.100.110.176:57206,17.8.135.181,10.100.110.176,1775128581.546749,9.8841,SYN-SYNACK
HTTPS / Remote (Port 443),10.100.110.176:57206->17.8.135.181:443,10.100.110.176,17.8.135.181,1775128581.555841,8.2381,DATA-ACK
HTTPS / Remote (Port 443),17.8.135.181:443->10.100.110.176:57206,17.8.135.181,10.100.110.176,1775128581.55832,0.5109,DATA-ACK
HTTPS / Remote (Port 443),17.8.135.181:443->10.100.110.176:57206,17.8.135.181,10.100.110.176,1775128581.55855,0.067,DATA-ACK
HTTPS / Remote (Port 443),17.8.135.181:443->10.100.110.176:57206,17.8.135.181,10.100.110.176,1775128581.561027,0.4101,DATA-ACK
HTTPS / Remote (Port 443),10.100.110.176:57206->17.8.135.181:443,10.100.110.176,17.8.135.181,1775128581.574993,7.2968,DATA-ACK
HTTPS / Remote (Port 443),17.8.135.181:443->10.100.110.176:57206,17.8.135.181,10.100.110.176,1775128581.575337,0.3409,DATA-ACK
HTTPS / Remote (Port 443),10.100.110.176:57206->17.8.135.181:443,10.100.110.176,17.8.135.181,1775128581.577185,7.6928,DATA-ACK
HTTPS / Remote (Port 443),17.8.135.181:443->10.100.110.176:57206,17.8.135.181,10.100.110.176,1775128581.579296,0.108,DATA-ACK
HTTPS / Remote (Port 443),10.100.110.176:57206->17.8.135.181:443,10.100.110.176,17.8.135.181,1775128581.588487,13.068,DATA-ACK
HTTPS / Remote (Port 443),17.8.135.181:443->10.100.110.176:57206,17.8.135.181,10.100.110.176,1775128581.588775,0.288,DATA-ACK
HTTPS / Remote (Port 443),10.100.110.176:57141->104.18.26.48:443,10.100.110.176,104.18.26.48,1775128584.666262,9.4368,DATA-ACK
HTTPS / Remote (Port 443),10.100.110.176:57141->104.18.26.48:443,10.100.110.176,104.18.26.48,1775128584.666263,9.351,DATA-ACK
HTTPS / Remote (Port 443),10.100.110.176:57181->104.18.26.48:443,10.100.110.176,104.18.26.48,1775128584.809744,48.8038,DATA-ACK
HTTPS / Remote (Port 443),104.18.26.48:443->10.100.110.176:57141,104.18.26.48,10.100.110.176,1775128584.869285,0.2182,DATA-ACK
HTTPS / Remote (Port 443),104.18.26.48:443->10.100.110.176:57181,104.18.26.48,10.100.110.176,1775128584.99912,0.2921,DATA-ACK
HTTPS / Remote (Port 443),10.100.110.176:57182->151.101.1.91:443,10.100.110.176,151.101.1.91,1775128585.010446,8.1191,DATA-ACK
HTTPS / Remote (Port 443),151.101.1.91:443->10.100.110.176:57182,151.101.1.91,10.100.110.176,1775128585.010623,0.175,DATA-ACK
HTTPS / Remote (Port 443),104.18.26.48:443->10.100.110.176:57181,104.18.26.48,10.100.110.176,1775128585.010625,0.1688,DATA-ACK
HTTPS / Remote (Port 443),4.225.11.192:443->10.100.110.176:60641,4.225.11.192,10.100.110.176,1775128589.558636,0.0579,DATA-ACK
HTTPS / Remote (Port 443),10.100.110.176:57181->104.18.26.48:443,10.100.110.176,104.18.26.48,1775128589.761412,21.1599,DATA-ACK
HTTPS / Remote (Port 443),104.18.26.48:443->10.100.110.176:57181,104.18.26.48,10.100.110.176,1775128589.784327,0.164,DATA-ACK
HTTPS / Remote (Port 443),140.82.113.21:443->10.100.110.176:60645,140.82.113.21,10.100.110.176,1775128590.755098,0.1011,DATA-ACK
HTTPS / Remote (Port 443),10.100.110.176:57141->104.18.26.48:443,10.100.110.176,104.18.26.48,1775128591.864795,9.9199,DATA-ACK
HTTPS / Remote (Port 443),10.100.110.176:57141->104.18.26.48:443,10.100.110.176,104.18.26.48,1775128591.864796,9.819,DATA-ACK
HTTPS / Remote (Port 443),104.18.26.48:443->10.100.110.176:57141,104.18.26.48,10.100.110.176,1775128592.072292,0.123,DATA-ACK
HTTPS / Remote (Port 443),10.100.110.176:56877->31.13.66.51:443,10.100.110.176,31.13.66.51,1775128592.109933,289.8629,DATA-ACK
HTTPS / Remote (Port 443),10.100.110.176:56877->31.13.66.51:443,10.100.110.176,31.13.66.51,1775128592.124613,289.9151,DATA-ACK
HTTPS / Remote (Port 443),10.100.110.176:56877->31.13.66.51:443,10.100.110.176,31.13.66.51,1775128592.124614,289.0191,DATA-ACK
HTTPS / Remote (Port 443),10.100.110.176:56877->31.13.66.51:443,10.100.110.176,31.13.66.51,1775128592.126714,290.194,DATA-ACK
HTTPS / Remote (Port 443),31.13.66.51:443->10.100.110.176:56877,31.13.66.51,10.100.110.176,1775128592.137137,0.1009,DATA-ACK
HTTPS / Remote (Port 443),10.100.110.176:56877->31.13.66.51:443,10.100.110.176,31.13.66.51,1775128593.393676,292.0001,DATA-ACK
HTTPS / Remote (Port 443),31.13.66.51:443->10.100.110.176:56877,31.13.66.51,10.100.110.176,1775128593.403832,0.0689,DATA-ACK
HTTPS / Remote (Port 443),10.100.110.176:56877->31.13.66.51:443,10.100.110.176,31.13.66.51,1775128598.515102,431.0958,DATA-ACK
HTTPS / Remote (Port 443),17.248.153.72:443->10.100.110.176:57207,17.248.153.72,10.100.110.176,1775128602.596849,11.317,SYN-SYNACK
HTTPS / Remote (Port 443),10.100.110.176:57207->17.248.153.72:443,10.100.110.176,17.248.153.72,1775128602.607542,10.3221,DATA-ACK
HTTPS / Remote (Port 443),17.248.153.72:443->10.100.110.176:57207,17.248.153.72,10.100.110.176,1775128602.609488,1.0509,DATA-ACK
HTTPS / Remote (Port 443),10.100.110.176:57207->17.248.153.72:443,10.100.110.176,17.248.153.72,1775128602.622506,13.0069,DATA-ACK
HTTPS / Remote (Port 443),17.248.153.72:443->10.100.110.176:57207,17.248.153.72,10.100.110.176,1775128602.622718,0.21,DATA-ACK
HTTPS / Remote (Port 443),17.248.153.72:443->10.100.110.176:57207,17.248.153.72,10.100.110.176,1775128602.625795,0.8738,DATA-ACK
HTTPS / Remote (Port 443),10.100.110.176:57207->17.248.153.72:443,10.100.110.176,17.248.153.72,1775128602.633374,7.556,DATA-ACK
HTTPS / Remote (Port 443),17.248.153.72:443->10.100.110.176:57207,17.248.153.72,10.100.110.176,1775128602.636183,0.077,DATA-ACK
HTTPS / Remote (Port 443),10.100.110.176:57207->17.248.153.72:443,10.100.110.176,17.248.153.72,1775128602.685004,48.8,DATA-ACK
HTTPS / Remote (Port 443),10.100.110.176:57207->17.248.153.72:443,10.100.110.176,17.248.153.72,1775128602.743469,14.071,DATA-ACK
HTTPS / Remote (Port 443),10.100.110.176:57207->17.248.153.72:443,10.100.110.176,17.248.153.72,1775128602.750229,6.6948,DATA-ACK
HTTPS / Remote (Port 443),10.100.110.176:57205->17.248.153.80:443,10.100.110.176,17.248.153.80,1775128604.038808,7.7031,DATA-ACK
HTTPS / Remote (Port 443),31.13.66.51:443->10.100.110.176:56877,31.13.66.51,10.100.110.176,1775128604.216387,0.1161,DATA-ACK
HTTPS / Remote (Port 443),140.82.113.22:443->10.100.110.176:60653,140.82.113.22,10.100.110.176,1775128604.402418,249.5918,SYN-SYNACK
HTTPS / Remote (Port 443),31.13.66.51:443->10.100.110.176:56877,31.13.66.51,10.100.110.176,1775128604.614458,0.1822,DATA-ACK
HTTPS / Remote (Port 443),10.100.110.176:56877->31.13.66.51:443,10.100.110.176,31.13.66.51,1775128604.623457,289.8619,DATA-ACK
HTTPS / Remote (Port 443),10.100.110.176:60653->140.82.113.22:443,10.100.110.176,140.82.113.22,1775128604.657776,255.1162,DATA-ACK
HTTPS / Remote (Port 443),140.82.113.22:443->10.100.110.176:60653,140.82.113.22,10.100.110.176,1775128604.657907,0.129,DATA-ACK
HTTPS / Remote (Port 443),140.82.113.22:443->10.100.110.176:60653,140.82.113.22,10.100.110.176,1775128604.658747,0.0679,DATA-ACK
HTTPS / Remote (Port 443),140.82.113.22:443->10.100.110.176:60653,140.82.113.22,10.100.110.176,1775128604.664905,0.1311,DATA-ACK
HTTPS / Remote (Port 443),10.100.110.176:60653->140.82.113.22:443,10.100.110.176,140.82.113.22,1775128604.914623,247.438,DATA-ACK
HTTPS / Remote (Port 443),10.100.110.176:60653->140.82.113.22:443,10.100.110.176,140.82.113.22,1775128604.914627,247.436,DATA-ACK
HTTPS / Remote (Port 443),140.82.113.22:443->10.100.110.176:60653,140.82.113.22,10.100.110.176,1775128604.914886,0.2551,DATA-ACK
HTTPS / Remote (Port 443),10.100.110.176:56877->31.13.66.51:443,10.100.110.176,31.13.66.51,1775128605.0508,290.3571,DATA-ACK
HTTPS / Remote (Port 443),10.100.110.176:60653->140.82.113.22:443,10.100.110.176,140.82.113.22,1775128605.206757,291.9412,DATA-ACK
HTTPS / Remote (Port 443),140.82.113.22:443->10.100.110.176:60653,140.82.113.22,10.100.110.176,1775128605.265784,0.0939,DATA-ACK
HTTPS / Remote (Port 443),31.13.66.51:443->10.100.110.176:56877,31.13.66.51,10.100.110.176,1775128613.585194,0.0741,DATA-ACK
HTTPS / Remote (Port 443),10.100.110.176:56877->31.13.66.51:443,10.100.110.176,31.13.66.51,1775128613.988554,293.134,DATA-ACK
Unknown TCP,17.242.13.4:5223->10.100.110.176:56898,17.242.13.4,10.100.110.176,1775128624.575718,0.1049,DATA-ACK
Unknown TCP,17.242.13.4:5223->10.100.110.176:56898,17.242.13.4,10.100.110.176,1775128624.576448,0.0501,DATA-ACK
Unknown TCP,17.242.13.4:5223->10.100.110.176:56898,17.242.13.4,10.100.110.176,1775128624.578074,0.051,DATA-ACK
Unknown TCP,17.242.13.4:5223->10.100.110.176:56898,17.242.13.4,10.100.110.176,1775128624.578798,0.073,DATA-ACK
Unknown TCP,10.100.110.176:56898->17.242.13.4:5223,10.100.110.176,17.242.13.4,1775128624.627703,46.4869,DATA-ACK
Unknown TCP,17.242.13.4:5223->10.100.110.176:56898,17.242.13.4,10.100.110.176,1775128624.682954,0.314,DATA-ACK
Unknown TCP,10.100.110.176:56898->17.242.13.4:5223,10.100.110.176,17.242.13.4,1775128624.693492,7.6408,DATA-ACK
HTTPS / Remote (Port 443),10.100.110.176:57141->104.18.26.48:443,10.100.110.176,104.18.26.48,1775128632.054791,7.5181,DATA-ACK
HTTPS / Remote (Port 443),10.100.110.176:57141->104.18.26.48:443,10.100.110.176,104.18.26.48,1775128632.054792,7.4329,DATA-ACK
HTTPS / Remote (Port 443),10.100.110.176:57181->104.18.26.48:443,10.100.110.176,104.18.26.48,1775128632.207029,55.9361,DATA-ACK
HTTPS / Remote (Port 443),104.18.26.48:443->10.100.110.176:57141,104.18.26.48,10.100.110.176,1775128632.259752,0.1931,DATA-ACK
HTTPS / Remote (Port 443),104.18.26.48:443->10.100.110.176:57181,104.18.26.48,10.100.110.176,1775128632.383841,0.2689,DATA-ACK
HTTPS / Remote (Port 443),10.100.110.176:60458->13.89.179.8:443,10.100.110.176,13.89.179.8,1775128632.392995,238.214,DATA-ACK
HTTPS / Remote (Port 443),10.100.110.176:60458->13.89.179.8:443,10.100.110.176,13.89.179.8,1775128632.392999,238.2169,DATA-ACK
HTTPS / Remote (Port 443),13.89.179.8:443->10.100.110.176:60458,13.89.179.8,10.100.110.176,1775128632.393127,0.1299,DATA-ACK
HTTPS / Remote (Port 443),10.100.110.176:60458->13.89.179.8:443,10.100.110.176,13.89.179.8,1775128632.396712,241.9271,DATA-ACK
HTTPS / Remote (Port 443),10.100.110.176:57182->151.101.1.91:443,10.100.110.176,151.101.1.91,1775128632.396976,6.686,DATA-ACK
HTTPS / Remote (Port 443),151.101.1.91:443->10.100.110.176:57182,151.101.1.91,10.100.110.176,1775128632.397119,0.1411,DATA-ACK
HTTPS / Remote (Port 443),104.18.26.48:443->10.100.110.176:57181,104.18.26.48,10.100.110.176,1775128632.437999,0.067,DATA-ACK
HTTPS / Remote (Port 443),104.18.26.48:443->10.100.110.176:57181,104.18.26.48,10.100.110.176,1775128632.43828,0.0451,DATA-ACK
HTTPS / Remote (Port 443),13.89.179.8:443->10.100.110.176:60458,13.89.179.8,10.100.110.176,1775128632.632682,0.1471,DATA-ACK
HTTPS / Remote (Port 443),10.100.110.176:60458->13.89.179.8:443,10.100.110.176,13.89.179.8,1775128632.926304,292.4891,DATA-ACK
HTTPS / Remote (Port 443),10.100.110.176:60458->13.89.179.8:443,10.100.110.176,13.89.179.8,1775128633.465882,248.982,DATA-ACK
HTTPS / Remote (Port 443),13.89.179.8:443->10.100.110.176:60458,13.89.179.8,10.100.110.176,1775128633.491122,0.0451,DATA-ACK
HTTPS / Remote (Port 443),31.13.66.51:443->10.100.110.176:56877,31.13.66.51,10.100.110.176,1775128635.291925,0.154,DATA-ACK
HTTPS / Remote (Port 443),10.100.110.176:56877->31.13.66.51:443,10.100.110.176,31.13.66.51,1775128635.686254,290.658,DATA-ACK
HTTPS / Remote (Port 443),10.100.110.176:57181->104.18.26.48:443,10.100.110.176,104.18.26.48,1775128637.238206,13.4399,DATA-ACK
HTTPS / Remote (Port 443),104.18.26.48:443->10.100.110.176:57181,104.18.26.48,10.100.110.176,1775128637.263654,0.1509,DATA-ACK
HTTPS / Remote (Port 443),10.100.110.176:57141->104.18.26.48:443,10.100.110.176,104.18.26.48,1775128638.633126,8.7881,DATA-ACK
HTTPS / Remote (Port 443),10.100.110.176:57141->104.18.26.48:443,10.100.110.176,104.18.26.48,1775128638.635879,11.4369,DATA-ACK
HTTPS / Remote (Port 443),104.18.26.48:443->10.100.110.176:57141,104.18.26.48,10.100.110.176,1775128638.834941,0.212,DATA-ACK
HTTPS / Remote (Port 443),57.144.43.32:443->10.100.110.176:57208,57.144.43.32,10.100.110.176,1775128639.601732,16.0329,SYN-SYNACK
HTTPS / Remote (Port 443),10.100.110.176:57208->57.144.43.32:443,10.100.110.176,57.144.43.32,1775128639.616272,14.3049,DATA-ACK
HTTPS / Remote (Port 443),57.144.43.32:443->10.100.110.176:57208,57.144.43.32,10.100.110.176,1775128639.616387,0.1128,DATA-ACK
HTTPS / Remote (Port 443),57.144.43.32:443->10.100.110.176:57208,57.144.43.32,10.100.110.176,1775128639.617295,0.1261,DATA-ACK
HTTPS / Remote (Port 443),10.100.110.176:57208->57.144.43.32:443,10.100.110.176,57.144.43.32,1775128639.644236,19.557,DATA-ACK
HTTPS / Remote (Port 443),10.100.110.176:57208->57.144.43.32:443,10.100.110.176,57.144.43.32,1775128639.644237,19.5041,DATA-ACK
HTTPS / Remote (Port 443),57.144.43.32:443->10.100.110.176:57208,57.144.43.32,10.100.110.176,1775128639.644317,0.0789,DATA-ACK
HTTPS / Remote (Port 443),10.100.110.176:57208->57.144.43.32:443,10.100.110.176,57.144.43.32,1775128639.70203,57.6909,DATA-ACK
HTTPS / Remote (Port 443),57.144.43.32:443->10.100.110.176:57208,57.144.43.32,10.100.110.176,1775128639.826752,0.066,DATA-ACK
HTTPS / Remote (Port 443),10.100.110.176:57208->57.144.43.32:443,10.100.110.176,57.144.43.32,1775128639.834507,6.346,DATA-ACK
HTTPS / Remote (Port 443),17.8.135.99:443->10.100.110.176:57209,17.8.135.99,10.100.110.176,1775128645.562339,12.7301,SYN-SYNACK
HTTPS / Remote (Port 443),10.100.110.176:57209->17.8.135.99:443,10.100.110.176,17.8.135.99,1775128645.573037,10.1919,DATA-ACK
HTTPS / Remote (Port 443),10.100.110.176:57209->17.8.135.99:443,10.100.110.176,17.8.135.99,1775128645.573039,10.1922,DATA-ACK
HTTPS / Remote (Port 443),17.8.135.99:443->10.100.110.176:57209,17.8.135.99,10.100.110.176,1775128645.577592,0.2618,DATA-ACK
HTTPS / Remote (Port 443),17.8.135.99:443->10.100.110.176:57209,17.8.135.99,10.100.110.176,1775128645.57828,0.0339,DATA-ACK
HTTPS / Remote (Port 443),17.8.135.99:443->10.100.110.176:57209,17.8.135.99,10.100.110.176,1775128645.580197,0.1841,DATA-ACK
HTTPS / Remote (Port 443),10.100.110.176:57209->17.8.135.99:443,10.100.110.176,17.8.135.99,1775128645.59377,8.306,DATA-ACK
HTTPS / Remote (Port 443),17.8.135.99:443->10.100.110.176:57209,17.8.135.99,10.100.110.176,1775128645.595888,0.119,DATA-ACK
HTTPS / Remote (Port 443),10.100.110.176:57209->17.8.135.99:443,10.100.110.176,17.8.135.99,1775128645.608874,12.9561,DATA-ACK
HTTPS / Remote (Port 443),17.8.135.99:443->10.100.110.176:57209,17.8.135.99,10.100.110.176,1775128645.608987,0.113,DATA-ACK
HTTPS / Remote (Port 443),13.107.253.48:443->10.100.110.176:60652,13.107.253.48,10.100.110.176,1775128651.267948,0.0579,DATA-ACK
HTTPS / Remote (Port 443),20.207.73.85:443->10.100.110.176:57210,20.207.73.85,10.100.110.176,1775128677.124649,11.43,SYN-SYNACK
HTTPS / Remote (Port 443),10.100.110.176:57210->20.207.73.85:443,10.100.110.176,20.207.73.85,1775128677.237307,80.657,DATA-ACK
HTTPS / Remote (Port 443),20.207.73.85:443->10.100.110.176:57210,20.207.73.85,10.100.110.176,1775128677.23784,0.53,DATA-ACK
HTTPS / Remote (Port 443),20.207.73.85:443->10.100.110.176:57210,20.207.73.85,10.100.110.176,1775128677.262225,0.4699,DATA-ACK
HTTPS / Remote (Port 443),10.100.110.176:57210->20.207.73.85:443,10.100.110.176,20.207.73.85,1775128677.343909,64.7941,DATA-ACK
HTTPS / Remote (Port 443),10.100.110.176:57210->20.207.73.85:443,10.100.110.176,20.207.73.85,1775128677.34391,64.009,DATA-ACK
HTTPS / Remote (Port 443),20.207.73.85:443->10.100.110.176:57210,20.207.73.85,10.100.110.176,1775128677.344295,0.3831,DATA-ACK
HTTPS / Remote (Port 443),10.100.110.176:57210->20.207.73.85:443,10.100.110.176,20.207.73.85,1775128677.466864,122.4952,DATA-ACK
HTTPS / Remote (Port 443),20.207.73.85:443->10.100.110.176:57210,20.207.73.85,10.100.110.176,1775128677.790627,0.1349,DATA-ACK
HTTPS / Remote (Port 443),142.250.205.206:443->10.100.110.176:60654,142.250.205.206,10.100.110.176,1775128692.198643,8.7729,SYN-SYNACK
HTTPS / Remote (Port 443),10.100.110.176:60654->142.250.205.206:443,10.100.110.176,142.250.205.206,1775128692.20785,6.1851,DATA-ACK
HTTPS / Remote (Port 443),142.250.205.206:443->10.100.110.176:60654,142.250.205.206,10.100.110.176,1775128692.212639,0.0391,DATA-ACK
HTTPS / Remote (Port 443),142.250.205.206:443->10.100.110.176:60654,142.250.205.206,10.100.110.176,1775128692.215016,0.0169,DATA-ACK
HTTPS / Remote (Port 443),10.100.110.176:60654->142.250.205.206:443,10.100.110.176,142.250.205.206,1775128692.225747,8.6792,DATA-ACK
HTTPS / Remote (Port 443),142.250.205.206:443->10.100.110.176:60654,142.250.205.206,10.100.110.176,1775128692.225796,0.0489,DATA-ACK
HTTPS / Remote (Port 443),142.250.205.206:443->10.100.110.176:60654,142.250.205.206,10.100.110.176,1775128692.227416,0.021,DATA-ACK
HTTPS / Remote (Port 443),10.100.110.176:60654->142.250.205.206:443,10.100.110.176,142.250.205.206,1775128692.23728,11.4079,DATA-ACK
HTTPS / Remote (Port 443),142.250.205.206:443->10.100.110.176:60654,142.250.205.206,10.100.110.176,1775128692.556864,0.057,DATA-ACK
HTTPS / Remote (Port 443),10.100.110.176:60654->142.250.205.206:443,10.100.110.176,142.250.205.206,1775128692.565922,8.8651,DATA-ACK
HTTPS / Remote (Port 443),20.207.73.82:443->10.100.110.176:60655,20.207.73.82,10.100.110.176,1775128692.67342,9.5909,SYN-SYNACK
HTTPS / Remote (Port 443),10.100.110.176:60655->20.207.73.82:443,10.100.110.176,20.207.73.82,1775128692.685751,11.7369,DATA-ACK
HTTPS / Remote (Port 443),20.207.73.82:443->10.100.110.176:60655,20.207.73.82,10.100.110.176,1775128692.685812,0.0589,DATA-ACK
HTTPS / Remote (Port 443),20.207.73.82:443->10.100.110.176:60655,20.207.73.82,10.100.110.176,1775128692.686648,0.016,DATA-ACK
HTTPS / Remote (Port 443),10.100.110.176:60655->20.207.73.82:443,10.100.110.176,20.207.73.82,1775128692.701975,10.3662,DATA-ACK
HTTPS / Remote (Port 443),20.207.73.82:443->10.100.110.176:60655,20.207.73.82,10.100.110.176,1775128692.702014,0.037,DATA-ACK
HTTPS / Remote (Port 443),20.207.73.82:443->10.100.110.176:60655,20.207.73.82,10.100.110.176,1775128692.703755,0.0269,DATA-ACK
HTTPS / Remote (Port 443),20.207.73.82:443->10.100.110.176:60655,20.207.73.82,10.100.110.176,1775128692.705277,0.0241,DATA-ACK
HTTPS / Remote (Port 443),20.207.73.82:443->10.100.110.176:60655,20.207.73.82,10.100.110.176,1775128692.70697,0.031,DATA-ACK
HTTPS / Remote (Port 443),20.207.73.82:443->10.100.110.176:60655,20.207.73.82,10.100.110.176,1775128692.714727,0.0498,DATA-ACK
HTTPS / Remote (Port 443),10.100.110.176:60655->20.207.73.82:443,10.100.110.176,20.207.73.82,1775128692.720236,18.127,DATA-ACK
HTTPS / Remote (Port 443),20.207.73.82:443->10.100.110.176:60655,20.207.73.82,10.100.110.176,1775128692.720314,0.0801,DATA-ACK
HTTPS / Remote (Port 443),20.207.73.82:443->10.100.110.176:60655,20.207.73.82,10.100.110.176,1775128692.720331,0.0939,DATA-ACK
HTTPS / Remote (Port 443),20.207.73.82:443->10.100.110.176:60655,20.207.73.82,10.100.110.176,1775128692.721979,0.037,DATA-ACK
HTTPS / Remote (Port 443),20.207.73.82:443->10.100.110.176:60655,20.207.73.82,10.100.110.176,1775128692.72445,0.03,DATA-ACK
HTTPS / Remote (Port 443),20.207.73.82:443->10.100.110.176:60655,20.207.73.82,10.100.110.176,1775128692.725682,0.031,DATA-ACK
HTTPS / Remote (Port 443),20.207.73.82:443->10.100.110.176:60655,20.207.73.82,10.100.110.176,1775128692.727313,0.0269,DATA-ACK
HTTPS / Remote (Port 443),20.207.73.82:443->10.100.110.176:60655,20.207.73.82,10.100.110.176,1775128692.728762,0.042,DATA-ACK
HTTPS / Remote (Port 443),20.207.73.82:443->10.100.110.176:60655,20.207.73.82,10.100.110.176,1775128692.730951,0.0281,DATA-ACK
HTTPS / Remote (Port 443),20.207.73.82:443->10.100.110.176:60655,20.207.73.82,10.100.110.176,1775128692.732381,0.041,DATA-ACK
HTTPS / Remote (Port 443),20.207.73.82:443->10.100.110.176:60655,20.207.73.82,10.100.110.176,1775128692.736743,0.026,DATA-ACK
HTTPS / Remote (Port 443),20.207.73.82:443->10.100.110.176:60655,20.207.73.82,10.100.110.176,1775128692.740604,0.0379,DATA-ACK
HTTPS / Remote (Port 443),20.207.73.82:443->10.100.110.176:60655,20.207.73.82,10.100.110.176,1775128692.742377,0.0842,DATA-ACK
HTTPS / Remote (Port 443),20.207.73.82:443->10.100.110.176:60655,20.207.73.82,10.100.110.176,1775128692.743941,0.0241,DATA-ACK
HTTPS / Remote (Port 443),20.207.73.82:443->10.100.110.176:60655,20.207.73.82,10.100.110.176,1775128692.745704,0.0288,DATA-ACK
HTTPS / Remote (Port 443),20.207.73.82:443->10.100.110.176:60655,20.207.73.82,10.100.110.176,1775128692.747986,0.025,DATA-ACK
HTTPS / Remote (Port 443),20.207.73.82:443->10.100.110.176:60655,20.207.73.82,10.100.110.176,1775128692.750589,0.0248,DATA-ACK
HTTPS / Remote (Port 443),20.207.73.82:443->10.100.110.176:60655,20.207.73.82,10.100.110.176,1775128692.754482,0.025,DATA-ACK
HTTPS / Remote (Port 443),20.207.73.82:443->10.100.110.176:60655,20.207.73.82,10.100.110.176,1775128692.757304,0.0279,DATA-ACK
HTTPS / Remote (Port 443),20.207.73.82:443->10.100.110.176:60655,20.207.73.82,10.100.110.176,1775128692.759571,0.0231,DATA-ACK
HTTPS / Remote (Port 443),20.207.73.82:443->10.100.110.176:60655,20.207.73.82,10.100.110.176,1775128692.762045,0.0279,DATA-ACK
HTTPS / Remote (Port 443),20.207.73.82:443->10.100.110.176:60655,20.207.73.82,10.100.110.176,1775128692.765337,0.0229,DATA-ACK
HTTPS / Remote (Port 443),20.207.73.82:443->10.100.110.176:60655,20.207.73.82,10.100.110.176,1775128692.767559,0.0319,DATA-ACK
HTTPS / Remote (Port 443),20.207.73.82:443->10.100.110.176:60655,20.207.73.82,10.100.110.176,1775128692.769851,0.0389,DATA-ACK
HTTPS / Remote (Port 443),20.207.73.82:443->10.100.110.176:60655,20.207.73.82,10.100.110.176,1775128692.774159,0.0339,DATA-ACK
HTTPS / Remote (Port 443),20.207.73.82:443->10.100.110.176:60655,20.207.73.82,10.100.110.176,1775128692.776682,0.0348,DATA-ACK
HTTPS / Remote (Port 443),20.207.73.82:443->10.100.110.176:60655,20.207.73.82,10.100.110.176,1775128692.777828,0.0701,DATA-ACK
HTTPS / Remote (Port 443),20.207.73.82:443->10.100.110.176:60655,20.207.73.82,10.100.110.176,1775128692.778733,0.0231,DATA-ACK
HTTPS / Remote (Port 443),20.207.73.82:443->10.100.110.176:60655,20.207.73.82,10.100.110.176,1775128692.7812,0.0219,DATA-ACK
HTTPS / Remote (Port 443),20.207.73.82:443->10.100.110.176:60655,20.207.73.82,10.100.110.176,1775128692.782111,0.0849,DATA-ACK
HTTPS / Remote (Port 443),20.207.73.82:443->10.100.110.176:60655,20.207.73.82,10.100.110.176,1775128692.783367,0.0298,DATA-ACK
HTTPS / Remote (Port 443),20.207.73.82:443->10.100.110.176:60655,20.207.73.82,10.100.110.176,1775128692.785801,0.041,DATA-ACK
HTTPS / Remote (Port 443),20.207.73.82:443->10.100.110.176:60655,20.207.73.82,10.100.110.176,1775128692.788178,0.0229,DATA-ACK
HTTPS / Remote (Port 443),20.207.73.82:443->10.100.110.176:60655,20.207.73.82,10.100.110.176,1775128692.790187,0.031,DATA-ACK
HTTPS / Remote (Port 443),20.207.73.82:443->10.100.110.176:60655,20.207.73.82,10.100.110.176,1775128692.79246,0.0288,DATA-ACK
HTTPS / Remote (Port 443),20.207.73.82:443->10.100.110.176:60655,20.207.73.82,10.100.110.176,1775128692.794858,0.0329,DATA-ACK
HTTPS / Remote (Port 443),20.207.73.82:443->10.100.110.176:60655,20.207.73.82,10.100.110.176,1775128692.797188,0.026,DATA-ACK
HTTPS / Remote (Port 443),20.207.73.82:443->10.100.110.176:60655,20.207.73.82,10.100.110.176,1775128692.798988,0.0281,DATA-ACK
HTTPS / Remote (Port 443),20.207.73.82:443->10.100.110.176:60655,20.207.73.82,10.100.110.176,1775128692.801596,0.0229,DATA-ACK
HTTPS / Remote (Port 443),20.207.73.82:443->10.100.110.176:60655,20.207.73.82,10.100.110.176,1775128692.802679,0.067,DATA-ACK
HTTPS / Remote (Port 443),20.207.73.82:443->10.100.110.176:60655,20.207.73.82,10.100.110.176,1775128692.80389,0.0229,DATA-ACK
HTTPS / Remote (Port 443),20.207.73.82:443->10.100.110.176:60655,20.207.73.82,10.100.110.176,1775128692.806158,0.0241,DATA-ACK
HTTPS / Remote (Port 443),20.207.73.82:443->10.100.110.176:60655,20.207.73.82,10.100.110.176,1775128692.809221,0.0241,DATA-ACK
HTTPS / Remote (Port 443),20.207.73.82:443->10.100.110.176:60655,20.207.73.82,10.100.110.176,1775128692.810655,0.025,DATA-ACK
HTTPS / Remote (Port 443),20.207.73.82:443->10.100.110.176:60655,20.207.73.82,10.100.110.176,1775128692.812524,0.0272,DATA-ACK
HTTPS / Remote (Port 443),20.207.73.82:443->10.100.110.176:60655,20.207.73.82,10.100.110.176,1775128692.815409,0.0229,DATA-ACK
HTTPS / Remote (Port 443),20.207.73.82:443->10.100.110.176:60655,20.207.73.82,10.100.110.176,1775128692.818189,0.0219,DATA-ACK
HTTPS / Remote (Port 443),20.207.73.82:443->10.100.110.176:60655,20.207.73.82,10.100.110.176,1775128692.818845,0.067,DATA-ACK
HTTPS / Remote (Port 443),20.207.73.82:443->10.100.110.176:60655,20.207.73.82,10.100.110.176,1775128692.821292,0.0229,DATA-ACK
HTTPS / Remote (Port 443),20.207.73.82:443->10.100.110.176:60655,20.207.73.82,10.100.110.176,1775128692.821945,0.0219,DATA-ACK
HTTPS / Remote (Port 443),20.207.73.82:443->10.100.110.176:60655,20.207.73.82,10.100.110.176,1775128692.824067,0.025,DATA-ACK
HTTPS / Remote (Port 443),20.207.73.82:443->10.100.110.176:60655,20.207.73.82,10.100.110.176,1775128692.825558,0.0279,DATA-ACK
HTTPS / Remote (Port 443),20.207.73.82:443->10.100.110.176:60655,20.207.73.82,10.100.110.176,1775128692.827782,0.0219,DATA-ACK
HTTPS / Remote (Port 443),20.207.73.82:443->10.100.110.176:60655,20.207.73.82,10.100.110.176,1775128692.829386,0.0269,DATA-ACK
HTTPS / Remote (Port 443),20.207.73.82:443->10.100.110.176:60655,20.207.73.82,10.100.110.176,1775128692.83102,0.035,DATA-ACK
HTTPS / Remote (Port 443),20.207.73.82:443->10.100.110.176:60655,20.207.73.82,10.100.110.176,1775128692.833331,0.03,DATA-ACK
HTTPS / Remote (Port 443),20.207.73.82:443->10.100.110.176:60655,20.207.73.82,10.100.110.176,1775128692.835836,0.0219,DATA-ACK
HTTPS / Remote (Port 443),20.207.73.82:443->10.100.110.176:60655,20.207.73.82,10.100.110.176,1775128692.838241,0.0222,DATA-ACK
HTTPS / Remote (Port 443),20.207.73.82:443->10.100.110.176:60655,20.207.73.82,10.100.110.176,1775128692.839982,0.0341,DATA-ACK
